Positions for account Individual-XXXX as of 04:00 PM ET, 06/07/2026

"Symbol","Description","Qty","Price","Price Change %","Price Change $","Market Value","Day Change %","Day Change $","Cost Basis","Gain/Loss %","Gain/Loss $","Ratings","Reinvest Dividends?","Capital Gains?","% Of Account","Security Type"
"AAPL","Apple Inc","100","189.30","0.52%","$0.98","$18,930.00","0.52%","$98.00","$12,000.00","57.75%","$6,930.00","","Yes","Yes","18.93%","Equity"
"BRK/B","Berkshire Hathaway Inc B","50","403.50","-0.12%","-$0.48","$20,175.00","-0.12%","-$24.00","$15,000.00","34.50%","$5,175.00","","No","No","20.18%","Equity"
"VTI","Vanguard Total Stock Mkt ETF","200","240.15","0.31%","$0.74","$48,030.00","0.31%","$148.00","$35,000.00","37.23%","$13,030.00","","Yes","Yes","48.03%","ETF"
"SPAXX **","Schwab Government Money Fund","1000","1.00","0.00%","$0.00","$1,000.00","0.00%","$0.00","$1,000.00","0.00%","$0.00","","No","No","1.00%","Cash and Money Market"
"","T. Rowe Price Capital Appreciation Fund","75","","","","$12,000.00","","","$10,000.00","","","","Yes","Yes","12.00%","Mutual Fund"
"Account Total","","","","","","$100,135.00","","$222.00","$73,000.00","37.17%","$27,135.00","","","","","",""

Brokerage services and products: Not FDIC-Insured • No Bank Guarantee • May Lose Value
